"CDD (17544 ones,2924 zeros)",Unnamed: 1
class,sequence
0,TTATGGTCACCTTCGACCCCAGAAATAATGGTCTCTGTTGTCAGATTCCATTCAAATCCAAGAAGTTGTTGTCAATAATACTTTTGTAAATGCAAGAAGGACAATGTCAGTTGAAACGTGTTGGGTTTGTCTTCCCATACTGCTGTGAATCATGCATATGCCTCATCTGCTGCTACTTATAATAAAACTGCGTAACAATT
0,CATCCAGGCTTGGTCCTGGTTGTTCCTTGCTGTTATACCAGCCTGGCAAGGACTCCTGAGCTGCTGCTAAGAGTGGTTCCTTGCCTGACTGTTCACGCCATGGCTTCTTGTTGCAGAACCCTGTGCTCTTAATGCTGCAGAGCTGCAAATCTGTCACTGCCACCTCTGAGTAGATCACTATTAAGGGACCTTGGTCAGCA
0,TTGTTTTTTTCTGTTTTGAGACGGAGTTTCGCTCTTGTTGCCCAGGCTGGAGTACGATGGTGCAATCTCGGCTCACTGCAACCTCCACCTCCCGGGTTCAAGCGATTCTCCTGCCTCAGGCTTCCTGAGTAGTTGGGATTACAGGCATGTGCCACCAAGCCCGGCCAATTTTGTATTTTTAGTAGAGACAGAGTTTCTCC
0,ACTGTTAAATAGCAAAAATTATTGAGCTCAAACCATCTAACCAGGTGATTCTTCCTTCATCTTCTGAGTGTTTTAGCACAGAAGAATTTCATTTTCAGAGAGTGACTCTATAGGTTCTACCAGAAAGTTAAAGCACCTCTGGGTGATGCTGGGTTCACAGAGACATAGCACTGTGAGCTCGGCAGGGGTCTTAGAGCTTG
0,GAGAATTAAGTTTGTATTAAGTTGGAGACCAGGGCAGATGGAAAGACGGAAGGTTAGGCTGGCACTGGGAGCTCCCTTCTTCAGGGGTCAGCTCCCCATAGGATCTGCAAGGAAGGTGCAACAGGATACTCCCTTGAGCCATGTGACACTCCATGACAAAGGCACCCCCAACTATGCCCCTGGGTGTCAACCTCCCTATC
0,CCTCAACACTCCCTTTTCCCCAGAAGAAATACCTTTTAGTGAATAGAATATATTCGATAAATACTTATTGAATGACTGTCCTTTGAATATCATTCTTGGAATAAGAAAATGTTGTAAAGGAATCATAATGGTAACATATAGCTTTTATCTTCCTGGAGTCCTCTATTTTTTTCTCTCTGGTTCATTTTGGGATTACATTC
0,TTTTATCATACGTGCTTGTTTTTAAGCCATTATCACTTAGTTTCAAACACACTCTTGTATTTTTCCTTGTCTTAGTAGGTCTGGGGCTCCGCAAACTACATTTCCACTTTTTCAGCTGCCTTCCTGTTAGGCTTCCACATAGTGAATTCTGAAGGAAGACTGGAGTCCTGGAGGAAGAAAAAAATGACATATTCTCCTGT
0,GACTTCATGAAAGTGGTATGCAAATAACTGATATTTGGGATGTACTCATATTAAGGATATATTATGGGCTCTGGAGTGAGACAAATGCAATATTGAATTTTAGCTTTATCTCCGTTAGTTTGATGACCTTGTGTACTCTGACCTAAAACTCTTCATTTTGTAGTCACAATAATGATGGCTACTTAGTAAGGCTGTTTTGA
0,AGGATTAAACAAGTTTTACTGGGGTCTGAAGAAACTCCCCAGACCTCCACAAACAAGCTTCCTTGGAAACTAAAGGAGCTCCCTCAACCTCCGTGATTTAGCAGAGGGCAAGATAAGGGTGATCACCCCAGCACCTGGACCCAGTTAGATTCAGTAAATCCACTGAGGCTCCAGAGGAAGGTCTTCAGGACTCAGGCCTT
